vendor,avg_discount
NoFrills,1.4951752671
Voila,1.6227886043
Loblaws,2.8565202127
SaveOnFoods,1.2140681227
Metro,2.7305544796
TandT,3.5139281265
Galleria,2.229166863
Walmart,1.8763737306
