month,avg_discount
01,2.437988284
02,1.4804267762
03,2.9351537861
04,2.2634586906
05,1.1494455403
06,2.6155368779
07,1.5233654268
08,1.9705036245
09,1.6319301929
10,1.7550972961
11,4.8487662021
12,3.8907606499
